clean	sequence
1	9
2	10
3	11
4	12
5	13
6	14
7	15
8	16
9	17
10	18
11	19
12	20
13	21
14	22
15	23
16	24
17	25
18	26
19	27
20	28
21	29
22	30
23	31
24	32
25	33
26	34
27	35
28	36
29	37
30	38
31	39
32	40
33	41
34	42
35	43
36	44
37	45
38	46
39	47
40	48
41	49
42	50
43	51
44	52
45	53
46	54
47	55
48	56
49	57
50	58
51	59
52	60
53	61
54	62
55	63
56	64
57	65
58	66
59	67
60	68
61	69
62	70
63	71
64	72
65	73
66	74
67	75
68	76
69	77
70	82
71	83
72	84
73	85
74	86
75	87
76	88
77	89
78	90
79	91
80	92
81	93
82	94
83	95
84	96
85	97
86	98
87	99
88	100
89	101
90	102
91	103
92	104
93	105
94	106
95	107
96	108
97	110
98	111
99	112
100	113
101	114
102	115
103	116
104	117
105	118
106	119
107	120
108	121
109	122
110	123
111	124
112	125
113	126
114	127
115	128
116	129
117	130
118	131
119	132
120	133
121	134
122	135
123	136
124	137
125	138
126	139
127	140
128	141
129	142
130	143
131	144
132	145
133	146
134	147
135	148
136	149
137	150
138	151
139	152
140	153
141	154
142	155
143	156
144	157
145	158
146	159
147	160
148	161
149	162
150	163
151	164
152	165
153	166
154	167
155	168
156	169
157	170
158	171
159	172
160	173
161	174
162	175
163	176
164	177
165	178
166	179
167	180
168	181
169	182
170	183
171	185
172	186
173	187
174	188
175	189
176	190
177	191
178	192
179	193
180	194
181	195
182	196
183	197
184	198
185	199
186	200
187	201
188	202
189	203
190	204
191	205
192	206
193	207
194	208
195	209
196	210
197	211
198	212
199	213
200	214
201	215
202	217
203	218
204	219
205	220
206	221
207	222
208	223
209	224
210	225
211	226
212	227
213	228
214	229
215	230
216	231
217	232
218	233
219	234
220	235
221	236
222	237
223	238
224	239
225	240
226	241
227	242
228	243
229	244
